Commit,Date,Author,Feature Files,Lines
97ec48b,2020-06-06 06:00:14,Irina Southwell,11,655
e798612,2020-06-07 04:05:58,Irina Southwell,11,655
2e7040a,2020-06-07 04:05:58,Irina Southwell,11,655
91c313a,2020-06-07 04:05:58,Irina Southwell,11,655
59a0f0d,2020-06-07 04:05:58,Irina Southwell,11,655
8e72cb5,2020-06-07 04:05:58,Irina Southwell,11,655
7f8cc89,2020-06-07 04:05:58,Irina Southwell,11,655
aa02653,2020-06-07 09:04:33,Richard Vowles,11,655
ab8c449,2020-06-07 12:37:08,Richard Vowles,11,655
c30d273,2020-06-07 13:03:32,Richard Vowles,11,655
4f1e231,2020-06-08 13:23:24,Richard Vowles,12,669
c26e44a,2020-06-08 13:31:24,Richard Vowles,12,675
b9af1a5,2020-06-10 02:19:52,Irina Southwell,12,675
d779e1f,2020-06-10 10:49:30,Richard Vowles,12,675
4f0c88c,2020-06-10 13:45:45,Richard Vowles,12,675
cd6ef69,2020-06-10 14:27:21,Irina Southwell,12,675
6e75267,2020-06-11 02:21:59,Richard Vowles,12,675
67ad65e,2020-06-11 12:01:10,Irina Southwell,12,675
713c84c,2020-06-11 14:17:58,Richard Vowles,12,675
39c9cc4,2020-06-11 16:16:49,Irina Southwell,12,675
f3fe4f8,2020-06-12 15:37:40,Irina Southwell,12,675
cc62ab1,2020-06-13 05:42:54,Richard Vowles,13,778
556b363,2020-06-13 09:35:54,Irina Southwell,13,778
dc7e377,2020-06-14 09:28:48,Richard Vowles,14,832
cbaa967,2020-06-14 14:16:21,Richard Vowles,14,832
74a91cc,2020-06-14 14:19:12,Irina Southwell,14,832
db987ec,2020-06-14 14:43:31,Richard Vowles,14,832
43636d4,2020-06-14 15:20:06,Irina Southwell,14,832
3df8c0b,2020-06-15 13:52:28,Richard Vowles,14,832
b9fa612,2020-06-15 14:00:25,Irina Southwell,14,832
0e3cd17,2020-06-16 15:05:54,Richard Vowles,14,832
9ae8b8d,2020-06-18 04:19:52,Irina Southwell,14,832
afb4d83,2020-06-20 09:43:11,Richard Vowles,14,832
e6396c6,2020-06-21 13:56:22,Prawn,14,832
02f94d0,2020-06-22 10:08:20,Irina Southwell,14,832
9aea5e6,2020-06-22 13:41:06,Richard Vowles,14,832
64c0d89,2020-06-23 03:04:05,Richard Vowles,14,898
ffdc326,2020-06-23 12:18:43,Richard Vowles,14,898
e6fb5aa,2020-06-23 14:24:22,Richard Vowles,14,898
c037cc5,2020-06-24 12:45:51,Irina Southwell,14,898
09482ba,2020-06-24 14:37:39,Richard Vowles,14,898
0fe052c,2020-06-25 15:17:58,Richard Vowles,14,898
31a8894,2020-06-25 15:24:14,Richard Vowles,14,898
2778b57,2020-06-27 07:13:03,Richard Vowles,14,898
07ab512,2020-06-27 12:35:37,Irina Southwell,14,898
0ea96eb,2020-06-28 09:52:58,Richard Vowles,14,898
a565e66,2020-06-28 12:05:22,Richard Vowles,14,898
885e5e4,2020-07-01 14:42:49,Richard Vowles,14,898
cb35da4,2020-07-01 14:58:13,Richard Vowles,14,898
32f4cf2,2020-07-01 15:18:03,Richard Vowles,14,898
58abbbe,2020-07-02 14:10:02,Richard Vowles,14,898
bfd52b1,2020-07-05 14:48:22,Irina Southwell,14,898
519b29f,2020-07-06 01:40:19,Richard Vowles,14,898
2804d72,2020-07-06 01:41:00,Irina Southwell,14,898
509aea3,2020-07-06 01:50:12,Richard Vowles,14,898
556140c,2020-07-06 13:47:59,Richard Vowles,14,898
34c0883,2020-07-06 14:04:11,Irina Southwell,14,898
7093935,2020-07-06 14:57:26,Richard Vowles,14,898
72b0ad6,2020-07-06 15:16:22,Richard Vowles,14,898
34e0d3a,2020-07-06 15:29:04,Richard Vowles,14,898
d77c024,2020-07-06 15:36:33,Richard Vowles,14,898
d0fc090,2020-07-07 04:15:41,Irina Southwell,14,898
76c8898,2020-07-12 02:05:39,Richard Vowles,14,898
6d988bc,2020-07-12 06:13:53,Richard Vowles,14,898
8891753,2020-07-12 06:15:59,Richard Vowles,14,898
816d9ce,2020-07-12 15:27:32,Prawn,14,898
7d60f98,2020-07-13 12:12:56,Irina Southwell,14,898
89875a2,2020-07-13 13:46:17,Richard Vowles,14,898
188e8d5,2020-07-13 14:00:09,Richard Vowles,14,898
d5c9cc9,2020-07-13 14:00:20,Irina Southwell,14,898
b4dfa23,2020-07-13 14:19:38,Irina Southwell,14,898
e601586,2020-07-14 09:45:35,Richard Vowles,14,898
fa4f972,2020-07-14 13:41:53,Irina Southwell,14,898
d826040,2020-07-15 13:12:33,Richard Vowles,14,898
c3d2e2c,2020-07-15 14:35:27,Richard Vowles,14,898
cb16bf4,2020-07-16 05:36:17,Richard Vowles,14,898
d1b7ac8,2020-07-16 08:23:35,Irina Southwell,14,898
e7a4c19,2020-07-16 11:05:57,Richard Vowles,14,898
68097d5,2020-07-16 12:02:34,Irina Southwell,14,898
95ce9e9,2020-07-16 14:36:59,Irina Southwell,14,898
a400b5a,2020-07-17 13:56:02,Richard Vowles,14,898
bd0ea16,2020-07-17 14:01:54,Richard Vowles,14,898
283d46a,2020-07-17 14:15:00,Richard Vowles,14,898
42ad649,2020-07-18 04:40:15,Irina Southwell,14,898
4043e37,2020-07-19 13:12:22,Richard Vowles,14,898
b359656,2020-07-20 03:39:15,Irina Southwell,14,898
65dd6cf,2020-07-20 08:13:57,Irina Southwell,14,898
c072ba2,2020-07-21 02:23:08,Richard Vowles,14,898
fd1a8e3,2020-07-21 02:41:41,Irina Southwell,14,898
685e5b4,2020-07-21 14:39:45,Richard Vowles,14,898
f9e2b16,2020-07-21 15:18:12,Irina Southwell,14,898
4dd0872,2020-07-24 02:11:11,Richard Vowles,14,898
5aa7e6f,2020-07-25 02:42:30,Richard Vowles,14,898
228b5a2,2020-07-25 06:45:09,Richard Vowles,14,898
235dc01,2020-07-25 10:38:55,Richard Vowles,14,898
068a197,2020-07-25 10:50:33,Richard Vowles,14,898
9c0fcfa,2020-07-26 04:59:45,Richard Vowles,14,898
1cef903,2020-07-26 11:03:15,Richard Vowles,14,898
6844922,2020-07-27 14:12:57,Richard Vowles,14,898
e6438e3,2020-07-28 10:31:32,Irina Southwell,14,898
78d3c47,2020-07-28 15:37:38,Irina Southwell,14,898
dce36aa,2020-07-29 15:22:03,Richard Vowles,14,898
176b693,2020-07-30 11:15:27,Richard Vowles,14,898
7c5e377,2020-07-30 11:16:22,Richard Vowles,14,898
229416e,2020-07-30 11:16:51,Richard Vowles,14,898
880ca89,2020-07-30 16:19:48,Richard Vowles,14,898
08462aa,2020-08-02 07:30:00,Richard Vowles,14,898
223ecb6,2020-08-02 14:29:33,Irina Southwell,14,898
b923b5e,2020-08-02 14:32:42,Richard Vowles,14,898
4caabfb,2020-08-05 06:14:39,Irina Southwell,14,898
d28ae36,2020-08-05 11:02:41,Richard Vowles,14,898
6df2f1b,2020-08-05 11:15:57,Richard Vowles,14,898
acb896d,2020-08-05 11:15:57,Richard Vowles,14,898
7f78f3d,2020-08-05 11:55:21,Richard Vowles,14,898
9372a3c,2020-08-05 14:05:30,Irina Southwell,14,898
5837e63,2020-08-05 14:24:31,Richard Vowles,14,898
185468b,2020-08-05 14:25:17,Richard Vowles,14,898
84ba980,2020-08-05 14:25:17,Richard Vowles,14,898
eebaf05,2020-08-05 14:25:17,Richard Vowles,14,898
28555a9,2020-08-05 14:26:55,Richard Vowles,14,898
989bb25,2020-08-05 14:39:28,Richard Vowles,14,898
402d657,2020-08-05 14:40:12,Richard Vowles,14,898
0835aa1,2020-08-05 14:40:42,Richard Vowles,14,898
2a587f0,2020-08-06 14:41:58,Richard Vowles,14,898
b7e32d0,2020-08-06 15:16:29,Richard Vowles,14,898
cbb44d1,2020-08-06 15:21:52,Richard Vowles,14,898
e5d2310,2020-08-06 15:22:42,Richard Vowles,14,898
7adb024,2020-08-07 01:20:07,Richard Vowles,14,898
bbcb855,2020-08-07 01:21:01,Richard Vowles,14,898
2de9483,2020-08-07 01:23:14,Richard Vowles,14,898
bb5bfd8,2020-08-07 01:23:14,Richard Vowles,14,898
d1b4999,2020-08-07 01:23:14,Richard Vowles,14,898
3f7c708,2020-08-07 01:23:14,Richard Vowles,14,898
52589cd,2020-08-07 02:31:04,Richard Vowles,14,898
9aacbd4,2020-08-07 15:09:54,Richard Vowles,14,898
bf37232,2020-08-08 05:22:06,Richard Vowles,14,898
59aeb89,2020-08-08 10:27:15,Richard Vowles,14,898
054a571,2020-08-08 10:54:02,Richard Vowles,14,898
72dda84,2020-08-08 13:29:58,Richard Vowles,14,898
f6ab54c,2020-08-08 13:58:22,Richard Vowles,14,898
af51284,2020-08-08 13:59:19,Richard Vowles,14,898
775d55d,2020-08-08 15:22:38,Irina Southwell,14,898
19a98aa,2020-08-09 05:00:38,Irina Southwell,14,898
4b754d4,2020-08-09 11:33:09,Richard Vowles,14,898
813a154,2020-08-09 11:33:28,Richard Vowles,14,898
546eb6f,2020-08-09 13:38:25,Richard Vowles,14,898
66ce6dc,2020-08-10 03:11:26,Irina Southwell,14,898
f250d0c,2020-08-10 16:00:05,Irina Southwell,14,898
1757ae0,2020-08-15 02:53:12,Irina Southwell,14,898
a357a5a,2020-08-16 06:44:18,Prawn,14,898
417e4c3,2020-08-16 12:16:03,Richard Vowles,14,907
f7ee2cc,2020-08-16 15:35:07,Richard Vowles,14,907
f696cac,2020-08-16 15:40:31,Richard Vowles,14,907
0b89635,2020-08-17 14:21:44,Richard Vowles,14,907
d708901,2020-08-19 16:06:01,Richard Vowles,14,907
e556b2d,2020-08-22 08:35:28,Richard Vowles,14,907
4df7599,2020-08-26 14:29:44,Irina Southwell,14,907
131b35a,2020-09-01 13:32:06,Prawn,14,907
aa30f5a,2020-09-01 15:13:59,Richard Vowles,15,990
067c108,2020-09-10 15:08:53,Richard Vowles,15,990
bfbab67,2020-09-11 02:52:44,Irina Southwell,15,990
ceaa9df,2020-09-13 08:40:50,Richard Vowles,15,990
2155310,2020-09-13 08:43:58,Richard Vowles,15,990
bb4b0b7,2020-09-13 08:46:11,Richard Vowles,15,990
594f77f,2020-09-13 08:49:02,Richard Vowles,15,990
0701b3c,2020-09-13 12:06:02,Richard Vowles,15,990
20a9181,2020-09-13 12:41:44,Richard Vowles,15,990
95d10bf,2020-09-13 12:53:49,Richard Vowles,15,990
a021477,2020-09-17 14:02:31,Irina Southwell,15,990
fd98477,2020-09-17 15:24:45,Richard Vowles,15,990
969869d,2020-09-18 01:45:01,Richard Vowles,15,990
aeab588,2020-09-19 12:13:38,Irina Southwell,15,990
36856bb,2020-09-19 15:16:54,Richard Vowles,15,990
0d25e05,2020-09-20 03:05:29,Irina Southwell,15,990
6732f34,2020-09-20 05:35:48,Richard Vowles,15,990
5563348,2020-09-20 09:26:20,Irina Southwell,15,990
8db6d03,2020-09-20 09:29:31,Richard Vowles,15,990
1146786,2020-09-20 11:16:30,Richard Vowles,15,990
853726b,2020-09-21 13:30:09,Richard Vowles,15,990
950b166,2020-09-24 01:54:02,Richard Vowles,15,990
c17f808,2020-09-25 14:33:12,Irina Southwell,15,990
943daa7,2020-09-27 08:34:49,Richard Vowles,15,990
8752b7e,2020-09-27 09:25:58,Richard Vowles,15,990
622ffd3,2020-09-28 14:00:06,Irina Southwell,15,990
e754219,2020-09-30 13:57:12,Richard Vowles,15,990
9333a40,2020-10-02 10:23:11,Richard Vowles,15,990
1abcb6c,2020-10-02 10:23:33,Richard Vowles,15,990
5284070,2020-10-02 13:32:28,Richard Vowles,15,990
65bb449,2020-10-04 10:14:05,Irina Southwell,15,990
2838e9d,2020-10-05 13:20:16,Irina Southwell,15,990
c014e76,2020-10-06 01:50:02,Richard Vowles,15,990
ee85b58,2020-10-06 13:01:31,Richard Vowles,15,990
fe7cb64,2020-10-06 13:05:22,Richard Vowles,15,990
8cf03cf,2020-10-06 13:10:50,Richard Vowles,15,990
89c1846,2020-10-06 13:20:02,Richard Vowles,15,990
70a565b,2020-10-06 13:21:43,Irina Southwell,15,990
d72969a,2020-10-06 13:31:57,Richard Vowles,15,990
8d17a34,2020-10-06 14:09:47,Richard Vowles,15,990
6791140,2020-10-06 14:10:30,Richard Vowles,15,990
957deae,2020-10-06 14:10:30,Richard Vowles,15,990
18b1ed5,2020-10-06 14:15:22,Richard Vowles,15,990
5de56ad,2020-10-06 14:16:06,Richard Vowles,15,990
c7bbd6a,2020-10-06 14:16:06,Richard Vowles,15,990
84afab1,2020-10-07 12:25:17,Richard Vowles,15,990
5a5d406,2020-10-07 12:27:01,Richard Vowles,15,990
33ad936,2020-10-07 12:27:14,Richard Vowles,15,990
3dcb590,2020-10-07 12:27:14,Richard Vowles,15,990
ad25013,2020-10-07 12:42:23,Richard Vowles,15,990
4a2f4d2,2020-10-07 12:54:47,Richard Vowles,15,990
da46476,2020-10-07 13:17:17,Richard Vowles,15,990
64be4aa,2020-10-07 13:17:43,Richard Vowles,15,990
097f183,2020-10-07 13:17:44,Richard Vowles,15,990
e855375,2020-10-07 13:23:38,Richard Vowles,15,990
92f8ae7,2020-10-07 13:29:42,Richard Vowles,15,990
567a7b4,2020-10-07 13:29:59,Richard Vowles,15,990
79bfe03,2020-10-07 13:29:59,Richard Vowles,15,990
2857f16,2020-10-07 13:39:30,Richard Vowles,15,990
248009d,2020-10-07 13:54:23,Richard Vowles,15,990
8537736,2020-10-07 13:54:45,Richard Vowles,15,990
b5babe4,2020-10-07 13:54:45,Richard Vowles,15,990
7170a6d,2020-10-07 13:59:15,Richard Vowles,15,990
b58584e,2020-10-07 14:00:38,Richard Vowles,15,990
24ebcbd,2020-10-07 14:13:16,Richard Vowles,15,990
bc1b2ea,2020-10-08 14:11:49,Richard Vowles,15,990
0204a66,2020-10-09 01:01:22,Richard Vowles,15,990
0d1d32b,2020-10-09 01:04:02,tiffanyyuliu,15,990
f641f2b,2020-10-10 01:40:10,Irina Southwell,15,990
20fe84f,2020-10-10 09:09:07,Richard Vowles,15,990
cd41c7b,2020-10-21 01:15:36,Richard Vowles,15,990
ef2fb9d,2020-10-22 13:18:36,Irina Southwell,15,990
cb82fcf,2020-10-22 14:51:04,Irina Southwell,15,990
ab73e18,2020-10-24 11:59:27,Richard Vowles,15,990
dad74c3,2020-10-24 12:01:05,Richard Vowles,15,990
2b52d50,2020-10-24 14:11:38,Richard Vowles,15,990
189e95b,2020-10-28 14:06:13,Richard Vowles,15,990
d08aa4f,2020-10-29 08:58:00,tiffanyyuliu,15,990
6ba3d77,2020-10-29 12:50:49,Richard Vowles,15,990
7df1680,2020-10-31 00:53:37,Richard Vowles,15,990
3ee89a2,2020-10-31 14:09:15,Richard Vowles,15,990
bb3e587,2020-11-02 00:57:42,Richard Vowles,15,990
7a33608,2020-11-02 01:00:38,Richard Vowles,15,990
157aa41,2020-11-02 02:02:00,Richard Vowles,15,990
afa4fea,2020-11-07 09:13:01,Richard Vowles,15,990
907af73,2020-11-07 10:47:12,Richard Vowles,15,990
d7275e7,2020-11-07 12:14:04,Richard Vowles,15,990
ad77a5d,2020-11-07 12:17:17,Richard Vowles,15,990
1d04652,2020-11-07 12:28:19,Richard Vowles,15,990
321f579,2020-11-07 12:46:44,Richard Vowles,15,990
cf18929,2020-11-07 12:56:01,Richard Vowles,15,990
de9bf14,2020-11-07 13:09:29,Richard Vowles,15,990
b595ada,2020-11-07 13:13:04,Richard Vowles,15,990
16ba028,2020-11-07 13:13:26,Richard Vowles,15,990
cfade6b,2020-11-07 13:29:05,Richard Vowles,15,990
9ec9431,2020-11-12 13:17:55,Irina Southwell,15,990
632074c,2020-11-13 13:31:51,Richard Vowles,15,990
b69f0b3,2020-11-15 12:24:26,Irina Southwell,15,990
1d25d0a,2020-11-15 13:21:17,Richard Vowles,15,990
281daf4,2020-11-15 13:49:04,Irina Southwell,15,990
b018649,2020-11-17 01:15:34,Richard Vowles,15,990
9fa6d43,2020-11-17 01:30:31,Irina Southwell,15,990
d5001e9,2020-12-19 07:43:39,Irina Southwell,15,990
b1ec9de,2020-12-20 13:27:48,Richard Vowles,15,990
d73dac2,2020-12-23 01:31:49,Irina Southwell,15,990
4a95dac,2021-01-03 14:22:13,Irina Southwell,15,990
4ad9b96,2021-01-05 12:03:27,Irina Southwell,15,990
bc503e5,2021-01-07 13:26:58,Richard Vowles,15,990
2a27c19,2021-01-10 14:14:38,Irina Southwell,15,990
d3c91ed,2021-01-11 12:31:30,Irina Southwell,15,990
229ce98,2021-01-11 12:33:03,Irina Southwell,15,990
72c09c5,2021-01-11 13:12:34,Irina Southwell,15,990
df5c62e,2021-01-11 13:34:20,Irina Southwell,15,990
6e12f5b,2021-01-12 14:00:55,Irina Southwell,15,990
3ea7b9a,2021-01-13 01:18:29,Irina Southwell,15,990
cbcad3a,2021-01-13 01:32:42,Irina Southwell,15,990
300d4ea,2021-01-13 01:33:28,Irina Southwell,15,990
d072dc7,2021-01-13 01:33:38,Irina Southwell,15,990
e897e78,2021-01-14 14:08:52,Irina Southwell,15,990
68932b5,2021-01-14 14:27:28,Irina Southwell,15,990
ee8bda2,2021-01-15 10:14:43,Irina Southwell,15,990
9d75833,2021-01-15 10:16:56,Irina Southwell,15,990
9c2a71a,2021-01-15 13:53:43,Richard Vowles,15,990
2c36a54,2021-01-15 14:04:28,Richard Vowles,15,990
ad54910,2021-01-15 14:08:51,Richard Vowles,15,990
592282b,2021-01-18 01:28:22,Irina Southwell,15,990
63918cb,2021-01-22 05:14:11,Irina Southwell,15,990
ff5de53,2021-01-23 13:25:08,Prawn,15,990
899c9ee,2021-01-26 11:14:51,Irina Southwell,15,990
207810a,2021-02-01 14:37:29,Richard Vowles,15,990
eab09aa,2021-02-03 00:50:01,Irina Southwell,15,990
69133b4,2021-02-03 00:55:26,Irina Southwell,15,990
7572607,2021-02-03 01:13:39,Irina Southwell,15,990
a7bdce8,2021-02-03 01:29:45,Irina Southwell,15,990
311fcb5,2021-02-03 12:07:13,Richard Vowles,15,990
8cc5aeb,2021-02-03 12:38:47,Richard Vowles,15,990
82b3e2e,2021-02-03 13:06:08,Richard Vowles,15,990
d1b24c8,2021-02-03 13:37:35,Richard Vowles,15,990
3c05ba7,2021-02-04 00:27:06,Irina Southwell,15,990
0d14791,2021-02-07 14:49:24,Irina Southwell,15,990
24c8829,2021-02-08 07:23:52,Irina Southwell,15,990
de5cbcf,2021-02-08 07:33:52,Irina Southwell,15,990
9540434,2021-02-08 07:36:00,Irina Southwell,15,990
82ec4d0,2021-02-08 09:15:15,Richard Vowles,15,990
ca326d6,2021-02-09 00:58:45,Irina Southwell,15,990
21f81f4,2021-02-13 14:10:57,Irina Southwell,15,990
700e931,2021-02-14 13:27:03,Irina Southwell,15,990
613c42f,2021-02-16 13:21:20,Irina Southwell,15,990
da78bae,2021-02-16 14:07:52,Irina Southwell,15,990
92bfcb4,2021-03-21 14:31:09,Irina Southwell,15,990
3ed7788,2021-03-23 00:13:42,Irina Southwell,15,990
643073f,2021-03-24 00:43:29,Irina Southwell,15,990
5dedfb5,2021-03-25 13:36:46,Irina Southwell,15,990
322627e,2021-03-28 13:13:51,Irina Southwell,15,990
9544001,2021-03-31 04:23:05,Irina Southwell,15,990
d74d042,2021-03-31 13:02:43,Richard Vowles,15,990
6b0c79b,2021-03-31 13:11:58,Irina Southwell,15,990
46437b4,2021-03-31 13:14:54,Irina Southwell,15,990
05bb7f8,2021-03-31 13:42:15,Irina Southwell,15,990
e1db558,2021-03-31 13:56:36,Irina Southwell,15,990
684f64b,2021-03-31 14:07:57,Irina Southwell,15,990
abd2f55,2021-04-11 12:18:26,Irina Southwell,15,990
3de809f,2021-04-17 03:20:37,Richard Vowles,15,990
721e575,2021-04-17 03:57:28,Richard Vowles,15,990
bc617e1,2021-04-17 14:25:54,Richard Vowles,15,990
258b4f1,2021-04-17 14:42:01,Richard Vowles,15,990
8a2720f,2021-04-26 06:29:54,Richard Vowles,15,990
f491984,2021-04-26 06:51:12,Irina Southwell,15,990
f4d3df1,2021-04-26 09:50:23,Irina Southwell,15,990
1a8b25b,2021-04-26 10:53:56,Irina Southwell,15,990
2b39164,2021-04-26 10:54:25,Richard Vowles,15,990
27a4de3,2021-04-26 10:57:57,Irina Southwell,15,990
8a4db07,2021-04-26 11:01:46,Irina Southwell,15,990
cabfac4,2021-04-26 12:24:38,Richard Vowles,15,990
e2cdb09,2021-04-26 13:49:46,Richard Vowles,15,990
181a0b0,2021-04-27 11:29:44,Richard Vowles,15,990
a950de7,2021-04-27 15:22:26,Richard Vowles,15,990
5540f14,2021-04-28 13:47:42,Richard Vowles,15,990
cabb2a3,2021-04-28 13:48:22,Richard Vowles,15,990
54812ec,2021-04-30 15:12:30,Richard Vowles,15,990
28d6408,2021-04-30 15:16:26,Richard Vowles,15,990
69eb262,2021-04-30 15:17:33,Richard Vowles,15,990
f3a715d,2021-04-30 15:17:34,Richard Vowles,15,990
6f0576c,2021-04-30 15:20:55,Richard Vowles,15,990
ccfe79e,2021-04-30 15:20:55,Richard Vowles,15,990
59c7592,2021-05-02 11:08:54,Richard Vowles,15,990
55a57b3,2021-05-02 12:30:52,Irina Southwell,15,990
fb1f67f,2021-05-02 13:04:10,Irina Southwell,15,990
9704efd,2021-05-02 14:29:51,Richard Vowles,15,990
d46b9f6,2021-05-02 14:29:51,Richard Vowles,15,990
da91128,2021-05-02 14:31:05,Richard Vowles,15,990
d489432,2021-05-02 14:48:53,Richard Vowles,15,990
2efac05,2021-05-02 14:51:16,Irina Southwell,15,990
82cdec7,2021-05-02 14:52:34,Richard Vowles,15,990
52ecf79,2021-05-03 01:49:19,Irina Southwell,15,990
77c669a,2021-05-03 13:04:44,Richard Vowles,15,990
25233a9,2021-05-03 13:21:45,Irina Southwell,15,990
d012391,2021-05-04 02:07:03,Richard Vowles,15,990
c34a4d5,2021-05-04 02:10:41,Richard Vowles,15,990
6817c61,2021-05-05 15:52:35,Irina Southwell,15,990
5d829b8,2021-05-05 16:00:24,Irina Southwell,15,990
9635aa4,2021-05-06 13:33:37,Richard Vowles,15,990
fb85dd7,2021-05-06 13:42:43,Richard Vowles,15,990
fb55c7a,2021-05-07 05:11:05,Richard Vowles,15,990
6673fe5,2021-05-08 01:25:48,Irina Southwell,15,990
d49780e,2021-05-09 03:37:21,Richard Vowles,15,990
93916d2,2021-05-09 03:45:39,Richard Vowles,15,990
84c0035,2021-05-09 03:51:01,Richard Vowles,15,990
69855f0,2021-05-09 03:59:14,Richard Vowles,15,990
344ebf1,2021-05-09 04:03:59,Richard Vowles,15,990
c1f245d,2021-05-09 04:09:37,Richard Vowles,15,990
beb78fb,2021-05-09 04:14:31,Richard Vowles,15,990
1a94d51,2021-05-09 08:11:23,Richard Vowles,15,990
fc77383,2021-05-09 09:10:25,Richard Vowles,15,990
6f402d3,2021-05-09 14:35:08,Irina Southwell,15,990
99153e3,2021-05-09 14:56:26,Richard Vowles,15,990
bc3fca5,2021-05-11 13:36:37,Chrusty,15,990
fdc8162,2021-05-11 15:00:27,Chrusty,15,990
ef2f3bd,2021-05-12 06:05:00,Chrusty,15,990
171ff7b,2021-05-12 08:06:53,Chrusty,15,990
85a114f,2021-05-12 11:40:43,chris,15,990
e052007,2021-05-12 11:48:47,chris,15,990
68099f8,2021-05-12 12:44:30,chris,15,990
5130f21,2021-05-12 14:12:10,Chrusty,15,990
48ae027,2021-05-12 15:14:59,Chrusty,15,990
15b65d6,2021-05-12 15:56:02,Chrusty,15,990
8f4ff8a,2021-05-13 01:49:22,Irina Southwell,15,990
4c8c82a,2021-05-13 08:52:51,chris,15,990
a8019ee,2021-05-13 09:26:44,chris,15,990
a99cb22,2021-05-13 09:29:01,chris,15,990
fb154a9,2021-05-13 09:35:00,chris,15,990
03dc389,2021-05-13 10:01:32,chris,15,990
d5ab846,2021-05-14 02:43:26,chris,15,990
62b82f6,2021-05-14 02:56:13,chris,15,990
ff7426a,2021-05-15 08:21:45,Richard Vowles,15,990
ea5db66,2021-05-15 08:21:45,Richard Vowles,15,990
0881c6d,2021-05-15 08:21:45,Richard Vowles,15,990
d8b219d,2021-05-15 08:21:45,Richard Vowles,15,990
8732a39,2021-05-15 08:21:45,Richard Vowles,15,990
a6af320,2021-05-15 08:21:45,Richard Vowles,15,996
0c7d6aa,2021-05-15 08:21:45,Richard Vowles,15,996
6f12e26,2021-05-15 08:21:45,Richard Vowles,15,996
b08a016,2021-05-15 08:21:45,Richard Vowles,15,996
c187f6c,2021-05-15 08:21:45,Richard Vowles,15,996
9dea2d8,2021-05-15 08:21:45,Richard Vowles,15,996
b8ee7a1,2021-05-15 08:21:46,Richard Vowles,15,996
a82f657,2021-05-15 08:21:46,Richard Vowles,15,996
9e72516,2021-05-15 08:21:46,Richard Vowles,15,996
a4263b8,2021-05-15 08:21:46,Richard Vowles,15,996
2b7e224,2021-05-15 08:21:46,Richard Vowles,15,996
65700c8,2021-05-15 08:21:46,Richard Vowles,15,996
8a645a4,2021-05-15 08:21:46,Richard Vowles,15,996
84a1964,2021-05-15 08:21:46,Richard Vowles,15,996
5619326,2021-05-15 08:21:46,Richard Vowles,15,996
cbdec83,2021-05-15 08:21:46,Richard Vowles,15,996
77b7332,2021-05-15 08:21:46,Richard Vowles,15,996
f0109d3,2021-05-15 08:21:46,Richard Vowles,15,996
e71bd2d,2021-05-15 08:21:46,Richard Vowles,15,996
63c5156,2021-05-15 08:21:46,Richard Vowles,15,996
29aad39,2021-05-15 08:21:46,Richard Vowles,15,996
b2265d0,2021-05-15 08:21:46,Richard Vowles,15,996
dc64b4f,2021-05-15 14:08:21,Richard Vowles,15,990
4e200cf,2021-05-15 14:24:27,Irina Southwell,15,990
0c03bbf,2021-05-15 15:46:27,Irina Southwell,15,990
1ee111d,2021-05-16 10:00:02,Richard Vowles,15,996
6a06882,2021-05-16 11:24:31,Irina Southwell,15,990
dc3cf0d,2021-05-16 11:28:24,Richard Vowles,15,996
2651806,2021-05-16 12:00:11,Richard Vowles,15,996
c6d7ad7,2021-05-16 12:06:58,Irina Southwell,15,990
1e26dcd,2021-05-16 12:10:26,Richard Vowles,15,996
c0892e2,2021-05-16 12:25:04,Richard Vowles,15,996
5c2b50f,2021-05-16 13:20:47,Richard Vowles,15,996
36a8bc1,2021-05-18 13:06:52,Richard Vowles,15,996
78b064e,2021-05-18 15:25:00,Richard Vowles,15,996
be1aadd,2021-05-18 15:33:27,Richard Vowles,15,996
1fdc4c7,2021-05-18 15:33:48,Richard Vowles,15,996
6398da4,2021-05-19 12:37:36,Richard Vowles,15,996
52c000c,2021-05-19 14:43:19,Richard Vowles,15,996
841ab7a,2021-05-20 13:36:40,Richard Vowles,15,996
b905077,2021-05-21 15:04:59,Richard Vowles,15,996
12a4aeb,2021-05-22 08:30:05,Chrusty,15,990
c0baedc,2021-05-22 09:05:31,Richard Vowles,15,996
743c723,2021-05-23 07:46:47,Richard Vowles,15,996
448ae36,2021-05-23 14:27:32,Richard Vowles,15,1021
1755b81,2021-05-24 01:55:37,Richard Vowles,15,1021
ccc4927,2021-05-26 14:22:52,Irina Southwell,15,1021
7ee6230,2021-05-29 08:29:11,Irina Southwell,15,1021
c8ecbd8,2021-05-30 12:14:20,Richard Vowles,15,1021
5c64c6e,2021-06-01 01:58:32,Richard Vowles,15,1021
3316bf8,2021-06-02 01:45:07,Irina Southwell,15,1021
963dd5c,2021-06-05 08:36:46,Richard Vowles,15,1032
9fd7740,2021-06-05 08:46:47,Richard Vowles,15,1032
a5eb71d,2021-06-05 15:24:27,Richard Vowles,15,1032
07bec37,2021-06-05 15:28:02,Richard Vowles,15,1021
1998646,2021-06-05 15:37:19,Richard Vowles,15,1021
2c6ac7a,2021-06-06 06:47:07,Richard Vowles,15,1032
6a902e8,2021-06-06 07:24:32,Richard Vowles,15,1032
3763c19,2021-06-06 08:32:51,Richard Vowles,15,1032
29261e8,2021-06-06 08:50:33,Richard Vowles,15,1032
c457fd5,2021-06-06 10:56:08,Irina Southwell,15,1021
6978b83,2021-06-06 12:28:20,Richard Vowles,15,1032
f08d5bf,2021-06-06 13:44:03,Richard Vowles,15,1032
94bc200,2021-06-07 12:10:23,Irina Southwell,15,1032
eb6d797,2021-06-08 12:49:58,Irina Southwell,15,1032
c3742c4,2021-06-11 01:46:40,Richard Vowles,15,1032
c16b741,2021-06-11 02:19:51,Richard Vowles,15,1032
447f4ba,2021-06-11 08:28:17,Richard Vowles,15,1032
352a35b,2021-06-11 08:35:42,Richard Vowles,15,1032
6686465,2021-06-11 12:13:57,Richard Vowles,15,1032
c69def3,2021-06-12 14:06:03,Richard Vowles,15,1032
ef22076,2021-06-12 14:36:35,Richard Vowles,15,1032
a52e629,2021-06-13 05:14:16,Richard Vowles,15,1032
c5cfbf3,2021-06-13 05:26:42,Richard Vowles,15,1032
d7caf4a,2021-06-13 15:00:16,Richard Vowles,15,1032
88b662d,2021-06-13 15:12:42,Richard Vowles,15,1032
335c4d6,2021-06-13 15:12:42,Richard Vowles,15,1032
50994c2,2021-06-14 11:08:04,Richard Vowles,15,1032
ccb0aea,2021-06-17 13:45:55,Richard Vowles,15,1032
eefaee2,2021-06-18 15:03:30,Richard Vowles,15,1032
27e4373,2021-06-18 15:12:41,Irina Southwell,15,1032
37a4653,2021-06-19 04:13:48,Richard Vowles,15,1032
a70c8c0,2021-06-19 08:50:26,Prawn,15,1032
7f5831c,2021-06-19 10:33:15,Richard Vowles,15,1032
e4495f4,2021-06-20 04:41:56,Irina Southwell,15,1032
9500b69,2021-06-21 14:32:48,Richard Vowles,15,1032
de166d9,2021-06-22 14:27:24,Richard Vowles,15,1032
404f7b2,2021-06-24 15:08:47,Richard Vowles,15,1032
6d7ddf0,2021-06-25 02:06:32,Richard Vowles,15,1032
111390f,2021-06-25 13:00:05,Richard Vowles,15,1032
df90bb1,2021-06-26 10:51:18,Richard Vowles,15,1032
970fcbc,2021-06-30 14:38:44,Irina Southwell,15,1032
25056dc,2021-07-04 04:37:51,Irina Southwell,15,1032
e66eee7,2021-07-04 14:33:27,Richard Vowles,15,1032
3a65274,2021-07-04 14:34:29,Richard Vowles,15,1032
8ddc799,2021-07-04 15:03:16,Richard Vowles,15,1032
b08e980,2021-07-04 15:07:18,Richard Vowles,15,1032
a83368c,2021-07-05 15:11:51,Richard Vowles,15,1032
1910f89,2021-07-05 15:14:49,Richard Vowles,15,1032
70b9432,2021-07-05 15:22:39,Richard Vowles,15,1032
5387e4c,2021-07-06 13:15:47,Richard Vowles,15,1032
14efa3f,2021-07-06 13:37:40,Richard Vowles,15,1032
6641462,2021-07-06 13:42:03,Richard Vowles,15,1032
ade8498,2021-07-06 14:34:55,Richard Vowles,15,1032
cf67bd8,2021-07-06 14:36:03,Richard Vowles,15,1032
928a7ff,2021-07-06 14:47:18,Richard Vowles,15,1032
2101198,2021-07-08 03:05:36,Irina Southwell,15,1032
f6de49e,2021-07-08 13:34:59,Richard Vowles,15,1032
e6971c7,2021-07-08 15:12:52,Richard Vowles,15,1032
bd17ff5,2021-07-08 15:31:45,Richard Vowles,15,1032
9e62eb7,2021-07-09 01:29:04,Richard Vowles,15,1032
8850114,2021-07-09 12:23:58,Richard Vowles,15,1032
9786bb2,2021-07-10 13:18:02,Richard Vowles,15,1032
1554207,2021-07-10 13:18:02,Richard Vowles,15,1032
2e57199,2021-07-10 13:19:33,Richard Vowles,15,1032
8e3b0f6,2021-07-10 13:19:36,Richard Vowles,15,1032
d343e72,2021-07-10 13:19:36,Richard Vowles,15,1032
4647721,2021-07-10 13:20:06,Richard Vowles,15,1032
2ad7ff4,2021-07-11 14:18:24,Irina Southwell,15,1032
c6daf96,2021-07-12 08:43:37,Irina Southwell,15,1032
badc471,2021-07-12 11:36:15,Irina Southwell,15,1032
a02d9cc,2021-07-16 02:41:30,Irina Southwell,15,1032
d2980a2,2021-07-16 04:52:09,Richard Vowles,15,1032
b96fd6d,2021-07-16 07:16:00,Richard Vowles,15,1032
20e2cba,2021-07-16 14:32:23,Richard Vowles,15,1032
a390119,2021-07-16 14:34:16,Richard Vowles,15,1032
14c756d,2021-07-17 07:54:41,Richard Vowles,15,1032
9fe072d,2021-07-17 07:56:31,Richard Vowles,15,1032
06d1f68,2021-07-17 09:02:21,Richard Vowles,15,1032
6a07fea,2021-07-21 10:21:22,Richard Vowles,15,1032
5b71e93,2021-07-21 14:10:50,Richard Vowles,15,1032
b83c020,2021-07-21 14:21:38,Richard Vowles,15,1032
351585e,2021-07-22 01:42:42,Richard Vowles,15,1032
bbc6491,2021-07-22 02:59:26,Richard Vowles,15,1032
f162c11,2021-07-22 03:44:36,Irina Southwell,15,1032
fee57da,2021-07-22 03:47:48,Irina Southwell,15,1032
fcac6ed,2021-07-22 03:50:44,Richard Vowles,15,1032
02043c3,2021-07-22 10:27:17,Richard Vowles,15,1032
ab998c8,2021-07-22 14:29:07,Richard Vowles,15,1032
d401d16,2021-07-22 14:49:33,Richard Vowles,15,1032
7bab694,2021-07-23 02:41:32,Richard Vowles,15,1032
07fbb4a,2021-07-23 05:31:39,Richard Vowles,15,1032
afd2ca5,2021-07-23 09:36:22,Richard Vowles,15,1032
175964c,2021-07-23 10:02:18,Richard Vowles,15,1032
1321406,2021-07-24 13:51:24,Richard Vowles,15,1032
fcab32e,2021-07-24 14:17:35,Richard Vowles,15,1032
71b0a05,2021-07-24 15:02:50,Richard Vowles,15,1032
acf27d6,2021-07-25 08:04:14,Richard Vowles,15,1032
af74872,2021-07-26 14:28:32,Richard Vowles,15,1032
aba9372,2021-07-26 14:48:23,Richard Vowles,15,1032
8f3a24e,2021-07-26 14:58:21,Richard Vowles,15,1032
53d8a20,2021-08-01 12:05:36,Richard Vowles,15,1032
cebcb1d,2021-08-01 12:12:49,Richard Vowles,15,1032
f9a76db,2021-08-01 13:43:28,Richard Vowles,15,1032
a957631,2021-08-01 13:59:27,Richard Vowles,15,1032
1c894d0,2021-08-01 13:59:54,Richard Vowles,15,1032
97a2913,2021-08-04 12:08:49,Richard Vowles,15,1032
9e74ad7,2021-08-04 12:30:45,Richard Vowles,15,1032
9d50372,2021-08-04 14:29:08,Richard Vowles,15,1032
1197fd1,2021-08-05 11:05:16,Richard Vowles,15,1032
68ac8f7,2021-08-06 13:52:17,Richard Vowles,15,1032
a24a6de,2021-08-07 08:05:16,Richard Vowles,15,1032
0994fc0,2021-08-07 08:19:16,Richard Vowles,15,1032
9d171bb,2021-08-07 08:26:26,Richard Vowles,15,1032
8268e44,2021-08-08 10:45:13,Richard Vowles,15,1032
417453d,2021-08-08 10:51:26,Richard Vowles,15,1032
234dace,2021-08-08 14:35:20,Richard Vowles,15,1032
59979a8,2021-08-09 01:47:30,Richard Vowles,15,1032
06b041c,2021-08-10 13:01:08,Richard Vowles,15,1032
d062975,2021-08-13 11:47:23,Richard Vowles,15,1032
661aa5b,2021-08-13 12:49:28,Irina Southwell,15,1032
cc79c54,2021-08-13 13:49:43,Richard Vowles,15,1032
c13e00f,2021-08-13 14:10:45,Richard Vowles,15,1032
2172164,2021-08-13 14:14:47,Richard Vowles,15,1032
79686ad,2021-08-16 11:45:46,Richard Vowles,15,1032
e56b0db,2021-08-16 11:55:37,Richard Vowles,15,1032
50b4eaf,2021-08-16 14:59:01,Richard Vowles,15,1032
7a19ce3,2021-08-17 02:32:13,Richard Vowles,15,1032
d1c9541,2021-08-17 04:26:55,Richard Vowles,15,1032
2fd3f0c,2021-08-17 04:51:57,Richard Vowles,15,1032
9d7ced2,2021-08-17 12:50:59,Richard Vowles,15,1032
80d9464,2021-08-19 01:26:53,Richard Vowles,15,1032
ec38ec9,2021-08-19 10:52:03,Richard Vowles,15,1032
82ba751,2021-08-19 10:52:03,Richard Vowles,15,1032
399639f,2021-08-19 10:52:03,Richard Vowles,15,1032
ca995e6,2021-08-19 10:52:03,Richard Vowles,15,1032
710a93a,2021-08-19 10:52:03,Richard Vowles,15,1032
2e5a03b,2021-08-19 10:52:03,Richard Vowles,15,1032
8f9e6d0,2021-08-19 10:52:03,Richard Vowles,15,1032
8e1ba33,2021-08-19 10:52:04,Richard Vowles,15,1032
3409362,2021-08-19 10:52:04,Richard Vowles,15,1032
71e060e,2021-08-19 10:52:04,Richard Vowles,15,1032
b58781e,2021-08-19 10:52:04,Richard Vowles,15,1032
23cb155,2021-08-19 10:52:04,Richard Vowles,15,1032
cc1b528,2021-08-19 10:52:04,Richard Vowles,15,1032
05feb0a,2021-08-19 10:52:04,Richard Vowles,15,1032
206f1a4,2021-08-19 15:01:52,Richard Vowles,15,1032
84fa1a0,2021-08-20 07:17:24,Richard Vowles,15,1032
5c1056e,2021-08-20 09:12:06,Richard Vowles,15,1032
d1bb6b5,2021-08-20 09:47:53,Richard Vowles,15,1032
7d57a92,2021-08-20 10:25:12,Richard Vowles,15,1032
c2367bb,2021-08-20 12:04:27,Richard Vowles,15,1032
f52b9c8,2021-08-20 13:15:43,Richard Vowles,15,1032
83cb730,2021-08-21 03:20:07,Richard Vowles,15,1032
19cfed9,2021-08-21 12:06:25,Richard Vowles,15,1032
4dddaba,2021-08-21 15:26:44,Richard Vowles,15,1032
108aae6,2021-08-22 01:44:03,Richard Vowles,15,1032
4094011,2021-08-22 01:58:17,Richard Vowles,15,1032
bdaf89c,2021-08-23 00:59:59,Igor Gatis,15,1032
6ac7699,2021-08-23 01:24:28,Igor Gatis,15,1032
17db0b4,2021-08-23 14:25:21,Irina Southwell,15,1032
4e4bd45,2021-08-24 14:31:50,Richard Vowles,15,1032
3f5aebc,2021-08-24 14:47:23,Richard Vowles,15,1032
026e59d,2021-08-25 01:16:58,Richard Vowles,15,1032
7db481a,2021-08-25 05:38:00,Igor Gatis,15,1032
f7f7193,2021-08-25 05:52:56,Igor Gatis,15,1032
27d1060,2021-08-25 11:53:23,Richard Vowles,15,1032
22c8e39,2021-08-25 12:01:27,Richard Vowles,15,1032
77d3e56,2021-08-25 15:11:47,Irina Southwell,15,1032
9866f82,2021-08-25 15:14:03,Irina Southwell,15,1032
146b9d7,2021-08-25 15:31:08,Irina Southwell,15,1032
6525567,2021-08-26 01:35:30,Igor Gatis,15,1032
f54ac5f,2021-08-26 12:36:57,Richard Vowles,15,1032
68d8695,2021-08-26 13:09:42,Vidya Bhargav,15,1032
32a3066,2021-08-27 04:23:19,Igor Gatis,15,1032
b9f1c83,2021-08-27 04:25:48,Igor Gatis,15,1032
fa70c5c,2021-08-27 05:43:27,Richard Vowles,15,1032
5e49f90,2021-08-27 05:44:09,Richard Vowles,15,1032
3e1fae6,2021-08-27 15:49:24,Irina Southwell,15,1032
801d6c9,2021-08-27 16:46:35,Richard Vowles,15,1032
d060ce8,2021-08-28 03:01:52,Richard Vowles,15,1032
a1f0e9e,2021-08-28 03:03:01,Richard Vowles,15,1032
66b937e,2021-08-28 03:16:42,Irina Southwell,15,1032
7c8666b,2021-08-29 14:06:42,Richard Vowles,15,1032
61df71d,2021-08-29 14:20:04,Alex Deng,15,1032
3248d8e,2021-08-30 00:53:44,Richard Vowles,15,1032
0ee6776,2021-08-30 00:54:11,Igor Gatis,15,1032
44a0f41,2021-09-05 12:16:13,Richard Vowles,15,1032
0b8534c,2021-09-07 11:17:50,Richard Vowles,15,1032
c99a29d,2021-09-07 11:23:26,Richard Vowles,15,1032
20338b4,2021-09-07 11:26:00,Igor Gatis,15,1032
8cdbed3,2021-09-07 11:29:20,Richard Vowles,15,1032
e3adb18,2021-09-07 11:44:41,Richard Vowles,15,1032
53cb703,2021-09-07 11:50:23,Richard Vowles,15,1032
7ce36fe,2021-09-07 12:30:45,Irina Southwell,15,1032
358e45c,2021-09-07 14:19:49,Richard Vowles,15,1032
2d7599a,2021-09-07 14:38:09,Richard Vowles,15,1032
e45db82,2021-09-08 15:14:59,Irina Southwell,15,1032
1c73c9d,2021-09-09 13:07:19,Vidya Bhargav,15,1032
42feb47,2021-09-09 14:34:08,Richard Vowles,15,1032
96c0af4,2021-09-10 13:30:00,Richard Vowles,15,1032
bc1eb9e,2021-09-10 15:09:07,Richard Vowles,15,1032
bff3b6f,2021-09-10 15:09:07,Richard Vowles,15,1032
2baed39,2021-09-10 15:09:07,Richard Vowles,15,1032
6bba58c,2021-09-10 15:09:07,Richard Vowles,15,1032
da0350f,2021-09-10 15:09:07,Richard Vowles,15,1032
a0575d7,2021-09-11 04:47:24,Richard Vowles,15,1032
08c5076,2021-09-11 07:47:54,Irina Southwell,15,1032
14ca135,2021-09-11 08:45:43,Irina Southwell,15,1032
f975d89,2021-09-11 09:01:03,Richard Vowles,15,1032
722835d,2021-09-11 09:09:02,Richard Vowles,15,1032
355328f,2021-09-11 12:53:55,Irina Southwell,15,1032
e84e171,2021-09-11 13:51:36,Richard Vowles,15,1032
8fb0fc3,2021-09-12 03:00:12,Richard Vowles,15,1032
87d24a5,2021-09-12 03:57:19,Richard Vowles,15,1032
6fa71f0,2021-09-12 04:06:01,Richard Vowles,15,1032
7e37450,2021-09-12 07:06:48,Richard Vowles,15,1032
5bb7add,2021-09-12 07:08:18,Richard Vowles,15,1032
a53898f,2021-09-12 07:21:17,Richard Vowles,15,1032
0a6aa5c,2021-09-12 09:50:35,Richard Vowles,15,1032
a488b60,2021-09-15 14:26:55,Richard Vowles,15,1032
8a549e0,2021-09-17 01:18:25,Richard Vowles,15,1032
5510f18,2021-09-17 15:21:27,Richard Vowles,15,1032
f864571,2021-09-18 04:56:23,Richard Vowles,15,1032
78d90ca,2021-09-19 10:24:05,Richard Vowles,15,1032
9f63829,2021-09-20 12:55:14,Richard Vowles,15,1032
3b38219,2021-09-20 13:11:27,Richard Vowles,15,1032
c175306,2021-09-22 12:07:29,Richard Vowles,15,1032
a46c1f9,2021-09-22 12:40:07,Richard Vowles,15,1032
dc7fbe4,2021-09-23 02:12:15,Irina Southwell,15,1032
38eba52,2021-09-24 12:41:37,Irina Southwell,15,1032
44f9d57,2021-09-25 00:59:58,Richard Vowles,15,1032
fab448e,2021-09-25 01:01:48,Richard Vowles,15,1032
decfde5,2021-09-27 12:37:26,Richard Vowles,15,1032
bd8ab04,2021-09-27 12:37:57,Richard Vowles,15,1032
aacd100,2021-09-28 11:12:40,Richard Vowles,15,1032
8127642,2021-10-01 04:37:18,Richard Vowles,15,1032
aa79964,2021-10-02 07:52:41,Richard Vowles,15,1032
e255558,2021-10-04 00:20:29,Richard Vowles,15,1032
f6a7086,2021-10-05 14:52:38,Irina Southwell,15,1032
02a1b57,2021-10-06 00:50:47,Irina Southwell,15,1032
ea394d0,2021-10-06 13:00:49,Irina Southwell,15,1032
7f65c1f,2021-10-07 01:04:19,Irina Southwell,15,1032
ed7df04,2021-10-07 01:24:58,Irina Southwell,15,1032
123ba1c,2021-10-07 13:02:53,Irina Southwell,15,1032
45f5f9b,2021-10-09 10:17:06,Irina Southwell,15,1032
94de30e,2021-10-09 10:19:53,Irina Southwell,15,1032
d847eec,2021-10-09 10:25:17,Irina Southwell,15,1032
d1aa50e,2021-10-11 10:57:11,Richard Vowles,15,1032
72b6b53,2021-10-16 05:37:27,Richard Vowles,15,1032
c77fcfa,2021-10-17 14:12:13,Richard Vowles,15,1032
72e7c14,2021-10-20 13:21:22,Irina Southwell,15,1033
a43cacc,2021-10-21 14:28:41,Alex Deng,15,1033
9eba903,2021-10-24 08:40:04,Irina Southwell,15,1033
0ab7892,2021-10-26 14:36:13,Irina Southwell,15,1033
428dee0,2021-10-28 12:47:31,Richard Vowles,15,1033
e3b9080,2021-10-31 00:49:14,Richard Vowles,15,1033
cad4786,2021-10-31 01:11:22,Richard Vowles,15,1033
a5019e8,2021-10-31 01:47:52,Richard Vowles,15,1033
89bd9d8,2021-10-31 02:51:37,Richard Vowles,15,1033
d398f01,2021-10-31 03:06:38,Richard Vowles,15,1033
40b44dc,2021-10-31 03:09:46,Richard Vowles,15,1033
28e9fdc,2021-10-31 03:21:38,Richard Vowles,15,1033
38acdb7,2021-10-31 03:26:59,Richard Vowles,15,1033
2201513,2021-10-31 05:49:50,Richard Vowles,15,1033
5157adc,2021-10-31 13:38:17,Irina Southwell,15,1033
fd99527,2021-11-01 01:09:44,Richard Vowles,15,1033
d416025,2021-11-01 01:40:32,Richard Vowles,15,1033
16673b8,2021-11-03 12:56:00,Irina Southwell,15,1033
4124db4,2021-11-03 13:43:08,Richard Vowles,15,1033
bb21037,2021-11-03 13:56:49,Richard Vowles,15,1033
756741c,2021-11-06 02:48:42,Richard Vowles,15,1033
dc4e31b,2021-11-06 05:26:31,Richard Vowles,15,1033
62ea1c2,2021-11-07 00:22:50,Richard Vowles,15,1033
cd5f73e,2021-11-08 13:29:44,Richard Vowles,15,1033
9c7a300,2021-11-09 14:04:26,Irina Southwell,15,1033
6f70d52,2021-11-10 13:03:19,Richard Vowles,15,1033
af71e35,2021-11-10 14:26:52,Irina Southwell,15,1033
0ee5d60,2021-11-10 14:37:30,Irina Southwell,15,1033
5b6275d,2021-11-13 02:47:12,Irina Southwell,15,1033
b0812f1,2021-11-13 08:50:27,Irina Southwell,15,1033
24e99d7,2021-11-13 09:43:13,Irina Southwell,15,1033
d0dd173,2021-11-13 10:34:43,Richard Vowles,15,1033
74983a5,2021-11-14 07:55:08,Richard Vowles,15,1033
1cae7c1,2021-11-14 13:10:52,Irina Southwell,15,1033
519cdc8,2021-11-16 13:42:55,Irina Southwell,15,1033
2f92eca,2021-11-19 01:07:36,Irina Southwell,15,1033
a71c8f9,2021-11-29 00:48:42,Richard Vowles,15,1033
0d84715,2021-12-04 03:23:45,Richard Vowles,15,1033
ed1847c,2021-12-04 03:38:39,Irina Southwell,15,1064
0108c13,2021-12-05 02:07:25,Richard Vowles,15,1066
26dedcc,2021-12-05 13:54:02,Irina Southwell,15,1066
1022369,2021-12-06 12:38:56,Richard Vowles,15,1066
2fd3863,2021-12-11 01:44:07,Richard Vowles,15,1066
0e5fe89,2021-12-14 12:34:54,Richard Vowles,15,1066
7dd38c5,2021-12-14 13:22:44,Richard Vowles,15,1066
d528a14,2021-12-15 01:32:10,Richard Vowles,15,1066
6f680f5,2021-12-15 02:52:57,Richard Vowles,15,1066
cfd3dab,2021-12-15 13:15:22,Richard Vowles,15,1066
53078e8,2021-12-17 13:56:13,Richard Vowles,15,1066
286be97,2021-12-19 01:44:16,Richard Vowles,15,1066
de241be,2021-12-20 14:29:02,Irina Southwell,15,1066
c2debda,2021-12-23 07:00:58,Irina Southwell,15,1066
3a79bbc,2022-01-01 07:32:52,Richard Vowles,15,1066
5bf3c41,2022-01-04 13:15:08,Irina Southwell,15,1066
77f8cf4,2022-01-05 00:47:59,Richard Vowles,15,1066
fa3e4ca,2022-01-05 00:59:33,Irina Southwell,15,1066
b82736d,2022-01-08 03:07:52,Richard Vowles,15,1066
93e37d6,2022-01-09 01:13:18,Irina Southwell,15,1066
ebe9e4a,2022-01-09 09:12:49,Richard Vowles,17,1144
455427e,2022-01-10 00:41:07,Irina Southwell,17,1144
c3efbac,2022-01-11 02:14:11,Richard Vowles,17,1144
53cf41f,2022-01-15 02:09:11,Richard Vowles,17,1144
e97efe9,2022-01-17 14:28:48,Richard Vowles,17,1144
a2cee62,2022-01-18 01:40:50,Richard Vowles,17,1144
b0aef5b,2022-01-18 12:49:58,Irina Southwell,17,1144
9f5ed5e,2022-01-18 13:51:44,Richard Vowles,17,1144
09aeb5d,2022-01-19 11:26:29,Richard Vowles,18,1160
143340c,2022-01-19 11:36:22,Richard Vowles,18,1160
99755ea,2022-01-19 12:11:15,Richard Vowles,18,1160
c79a724,2022-01-20 01:09:53,dependabot[bot],18,1160
954c2eb,2022-01-20 13:28:29,Richard Vowles,19,1214
e77c807,2022-01-21 13:53:31,Richard Vowles,19,1214
8a8aa23,2022-01-22 12:20:29,Richard Vowles,19,1214
fc7895c,2022-01-23 01:32:07,Richard Vowles,19,1214
7721a80,2022-01-23 04:59:06,Richard Vowles,19,1214
fab4a85,2022-01-24 13:30:42,Richard Vowles,19,1214
4baa2ea,2022-01-24 14:34:32,Richard Vowles,19,1214
0b44c1f,2022-01-24 14:47:22,Richard Vowles,19,1214
54dfcf4,2022-01-25 15:07:49,Richard Vowles,19,1214
e3ac6f0,2022-01-26 13:43:27,Richard Vowles,19,1214
a0dc826,2022-01-27 00:05:35,Richard Vowles,19,1214
7656cf0,2022-01-29 05:26:27,Richard Vowles,19,1214
15b46aa,2022-01-29 07:05:51,Irina Southwell,19,1214
139d701,2022-01-29 12:42:08,Alex Deng,19,1214
ef91780,2022-01-30 12:13:20,Richard Vowles,19,1214
b3a0076,2022-01-30 12:27:31,Richard Vowles,19,1214
841750c,2022-01-31 00:39:05,Richard Vowles,19,1214
1c883c2,2022-02-01 01:30:53,Irina Southwell,19,1214
86ada28,2022-02-02 14:07:31,Irina Southwell,19,1214
0a031f4,2022-02-03 04:25:00,Irina Southwell,19,1214
d75ed66,2022-02-03 13:53:03,Richard Vowles,19,1214
8b48e17,2022-02-03 14:17:06,Richard Vowles,19,1214
ec01055,2022-02-03 23:45:41,Richard Vowles,19,1214
08a3483,2022-02-05 14:35:28,Richard Vowles,19,1214
0fc9d90,2022-02-06 00:00:58,Richard Vowles,19,1214
4576f52,2022-02-07 11:50:14,Richard Vowles,19,1214
0465e77,2022-02-07 14:56:04,Richard Vowles,19,1214
95fd13e,2022-02-08 15:33:12,Irina Southwell,19,1214
07bd5ef,2022-02-10 14:42:12,Richard Vowles,19,1214
438584b,2022-02-12 05:17:53,Irina Southwell,19,1214
71ca7e4,2022-02-12 05:18:07,Irina Southwell,19,1214
2cd8c66,2022-02-15 10:26:32,Richard Vowles,19,1226
57f5030,2022-02-15 12:18:46,dependabot[bot],19,1226
e341d52,2022-02-15 13:52:59,Richard Vowles,19,1226
96001b9,2022-02-15 14:17:27,Richard Vowles,19,1226
b31db9a,2022-02-19 15:02:36,Irina Southwell,19,1226
26b6887,2022-02-20 11:02:54,Irina Southwell,19,1226
662be1e,2022-02-20 11:57:29,Irina Southwell,19,1226
463e06f,2022-02-20 13:34:16,Irina Southwell,19,1226
84b0172,2022-02-20 13:36:15,Irina Southwell,19,1226
2358cb5,2022-02-20 13:37:37,Irina Southwell,19,1226
3da4fc0,2022-02-20 13:50:16,Irina Southwell,19,1226
9b4a229,2022-02-20 14:17:43,Irina Southwell,19,1226
bcd5632,2022-02-21 01:20:46,Irina Southwell,19,1226
e52c1d6,2022-02-22 23:58:37,Richard Vowles,19,1226
54053cf,2022-02-24 00:56:19,Irina Southwell,19,1226
d81fd8a,2022-02-27 12:18:14,Richard Vowles,19,1226
780100a,2022-03-01 00:18:05,Richard Vowles,19,1226
78c596c,2022-03-01 13:13:05,Richard Vowles,20,1240
9f66cfb,2022-03-03 12:47:44,Richard Vowles,20,1240
1bd694f,2022-03-04 00:24:29,Richard Vowles,20,1240
b4554a7,2022-03-05 08:10:31,Richard Vowles,20,1240
7f846d1,2022-03-07 13:43:21,Richard Vowles,20,1240
14699fc,2022-03-07 14:17:38,Richard Vowles,20,1240
87bd285,2022-03-08 09:29:06,Richard Vowles,20,1240
907329f,2022-03-12 06:25:45,Richard Vowles,20,1240
75c76c5,2022-03-12 06:29:27,Richard Vowles,20,1240
a67937e,2022-03-12 06:33:21,Richard Vowles,20,1240
42738dd,2022-03-12 06:43:03,Richard Vowles,20,1240
f610798,2022-03-12 06:47:11,Richard Vowles,20,1240
18a35a1,2022-03-12 06:49:34,Richard Vowles,20,1240
46d7e2f,2022-03-12 09:10:26,Irina Southwell,20,1240
8519453,2022-03-12 09:39:43,Irina Southwell,20,1240
400139c,2022-03-12 14:23:06,Richard Vowles,20,1240
55d5a74,2022-03-13 01:44:56,Irina Southwell,20,1240
aaa44b7,2022-03-13 10:07:32,Richard Vowles,20,1240
1a4e7cf,2022-03-13 13:09:06,Irina Southwell,20,1240
a6093bf,2022-03-16 13:13:49,Richard Vowles,20,1240
cb94eb6,2022-03-16 13:42:28,Richard Vowles,20,1240
6be44fa,2022-03-18 00:22:07,Richard Vowles,20,1240
4106b0c,2022-03-18 00:24:18,Vidya Bhargav,20,1240
c60727f,2022-03-18 12:13:34,Richard Vowles,20,1240
6b68f58,2022-03-20 07:53:37,Irina Southwell,20,1240
41e6322,2022-03-22 00:17:44,Richard Vowles,20,1240
c64f5a2,2022-03-23 01:13:42,Irina Southwell,20,1240
bfada1a,2022-03-26 11:22:09,Richard Vowles,20,1240
6b693b3,2022-03-26 14:15:14,Richard Vowles,20,1240
a58cbd1,2022-03-27 06:03:14,Irina Southwell,20,1240
e80b51c,2022-04-02 10:25:58,Richard Vowles,20,1240
6a8acbc,2022-04-09 10:47:22,Richard Vowles,20,1240
e49898c,2022-04-09 14:55:43,Richard Vowles,20,1240
2237474,2022-04-12 02:21:13,Irina Southwell,20,1240
8670fb1,2022-04-12 14:32:15,Irina Southwell,20,1240
13aaaae,2022-04-18 05:40:15,Irina Southwell,20,1240
c6e688d,2022-04-21 14:40:08,Richard Vowles,20,1240
93ae8ef,2022-05-10 14:47:10,Richard Vowles,20,1240
700ece6,2022-05-11 01:12:31,Naresh Jain,20,1240
1032cd5,2022-05-11 12:33:47,Richard Vowles,20,1240
2413676,2022-05-17 14:53:37,Richard Vowles,20,1240
c6939e6,2022-05-21 01:55:58,Richard Vowles,20,1240
d7d1cc8,2022-05-25 12:55:57,Richard Vowles,20,1240
179581b,2022-05-25 13:17:31,Richard Vowles,21,1277
9fe7d3d,2022-05-26 15:17:22,Richard Vowles,21,1277
a01e8bd,2022-05-28 06:33:51,Irina Southwell,21,1277
eeb4983,2022-05-29 11:54:01,Richard Vowles,21,1277
c79de06,2022-06-05 10:25:13,Richard Vowles,21,1277
734eba1,2022-06-05 14:05:11,Richard Vowles,21,1277
ad94669,2022-06-06 05:05:44,Richard Vowles,21,1277
3e914fa,2022-06-12 12:58:28,Irina Southwell,21,1277
290daf8,2022-06-13 13:52:53,Irina Southwell,21,1277
6e673c8,2022-06-18 09:18:54,Richard Vowles,21,1277
fe0fded,2022-06-18 13:33:54,Richard Vowles,21,1277
d57dd44,2022-06-20 14:30:37,Irina Southwell,21,1277
0c72bbd,2022-06-22 15:25:20,Richard Vowles,21,1277
8272ce3,2022-06-24 15:32:30,Irina Southwell,21,1277
c62d759,2022-06-25 12:13:14,Richard Vowles,21,1277
3ce63ae,2022-06-26 14:51:41,Richard Vowles,21,1277
ad7219a,2022-06-27 05:58:21,Richard Vowles,21,1277
48c2044,2022-06-27 06:46:16,Richard Vowles,21,1277
556c2fb,2022-07-02 09:56:59,Irina Southwell,21,1277
4c2f142,2022-07-02 14:34:47,Richard Vowles,21,1277
4a8eecf,2022-07-02 14:47:18,Richard Vowles,21,1277
95ca791,2022-07-02 14:49:26,Richard Vowles,21,1277
71f7ed1,2022-07-02 15:13:16,Richard Vowles,21,1277
715a1e8,2022-07-17 10:06:24,Richard Vowles,21,1277
e045831,2022-07-17 11:14:48,Richard Vowles,21,1277
eed247f,2022-07-17 11:26:46,Richard Vowles,21,1277
12b9af6,2022-07-17 11:48:01,Richard Vowles,21,1277
ca96bdb,2022-07-18 02:30:17,Irina Southwell,21,1277
f17fd78,2022-07-24 13:11:39,Irina Southwell,21,1277
34e52a3,2022-08-03 15:02:07,Richard Vowles,21,1277
c22c190,2022-08-07 05:36:47,Irina Southwell,21,1277
a859ea8,2022-08-07 10:37:00,Richard Vowles,21,1277
e461c7c,2022-08-10 15:03:17,Irina Southwell,21,1277
09b8b22,2022-08-12 13:04:32,Richard Vowles,21,1277
61f4c86,2022-08-14 04:39:13,Richard Vowles,21,1277
9d59ae7,2022-08-27 13:48:58,Irina Southwell,21,1277
d336c10,2022-08-27 14:21:50,Irina Southwell,21,1277
6ffcf59,2022-08-30 01:05:29,Richard Vowles,21,1277
baa3bba,2022-09-06 01:20:38,Irina Southwell,21,1277
f39ac8a,2022-09-09 14:04:39,Richard Vowles,21,1277
2a27522,2022-09-09 14:15:30,Richard Vowles,21,1277
c58e55e,2022-09-10 14:24:12,Irina Southwell,21,1277
b7393dd,2022-09-13 13:58:08,Irina Southwell,21,1277
390aceb,2022-09-17 03:35:57,Richard Vowles,21,1277
2301a54,2022-09-18 15:01:18,Irina Southwell,21,1277
50bb7e2,2022-09-21 14:20:08,Irina Southwell,21,1277
8c8b45a,2022-09-21 15:07:36,Irina Southwell,21,1277
9f57bf4,2022-09-23 10:32:48,Richard Vowles,21,1277
e9e1347,2022-09-23 14:41:59,Richard Vowles,21,1277
f5ff32e,2022-09-23 14:47:54,Irina Southwell,21,1277
7534670,2022-09-25 04:05:38,Irina Southwell,21,1277
2cc6d3d,2022-09-26 03:45:26,Richard Vowles,21,1277
382a537,2022-09-27 06:50:24,Irina Southwell,21,1277
4b3dc1f,2022-09-27 09:18:50,Richard Vowles,21,1277
468d210,2022-09-28 04:09:44,Irina Southwell,21,1277
b104564,2022-10-01 09:50:24,Richard Vowles,21,1277
5bb0ed0,2022-10-01 11:22:42,Richard Vowles,21,1277
d121a34,2022-10-01 13:04:30,Richard Vowles,21,1277
80951ba,2022-10-06 23:25:28,Richard Vowles,21,1277
2d5e31f,2022-10-09 13:15:36,Richard Vowles,21,1277
d51681b,2022-10-14 00:58:39,Irina Southwell,21,1277
a4e6f6f,2022-10-14 10:32:17,Irina Southwell,21,1277
3109e01,2022-10-16 05:18:15,Richard Vowles,21,1277
1ca3eb8,2022-10-16 09:59:01,Irina Southwell,21,1277
f3c4e7b,2022-10-16 10:05:40,Irina Southwell,21,1277
ea50428,2022-10-17 00:19:28,Richard Vowles,21,1277
e09ba7b,2022-10-21 09:15:42,Richard Vowles,21,1277
a720a75,2022-11-01 12:56:28,Richard Vowles,21,1277
9d3ebae,2022-11-01 13:15:30,Irina Southwell,21,1277
344754b,2022-11-05 04:41:50,Richard Vowles,21,1277
8981a25,2022-11-05 08:50:47,Richard Vowles,21,1277
38eb143,2022-11-06 09:25:51,Richard Vowles,21,1277
f7c297a,2022-11-09 13:31:27,Richard Vowles,21,1277
1fca34d,2022-11-15 03:33:56,Richard Vowles,22,1288
cc4d1a8,2022-11-17 22:47:50,Richard Vowles,22,1288
e452233,2022-11-18 00:17:04,Richard Vowles,22,1288
e995fff,2022-11-18 11:27:43,Richard Vowles,22,1288
199f1b4,2022-11-20 23:34:15,Richard Vowles,22,1288
69d7d29,2022-11-22 01:10:47,Richard Vowles,22,1288
e35ac25,2022-11-23 00:38:05,Irina Southwell,22,1288
c10c854,2022-11-25 01:39:40,Irina Southwell,22,1288
ffdbf8b,2022-11-26 13:54:33,Richard Vowles,22,1288
c873b2b,2022-11-27 14:42:15,Richard Vowles,22,1288
047bf50,2022-12-01 13:15:17,Irina Southwell,22,1288
3db44c8,2022-12-02 00:20:36,Richard Vowles,22,1288
c46a186,2022-12-02 08:49:33,Richard Vowles,22,1288
98c97c8,2022-12-08 12:14:20,Richard Vowles,22,1288
b1c4810,2022-12-11 00:55:05,Richard Vowles,22,1288
fde80a0,2022-12-11 00:56:23,dependabot[bot],22,1288
b09b855,2022-12-11 00:56:44,dependabot[bot],22,1288
883574a,2022-12-29 09:57:08,Irina Southwell,23,1302
3f7774c,2023-01-04 01:53:23,Irina Southwell,23,1302
d545a9c,2023-01-09 07:11:24,Irina Southwell,23,1302
15c03f0,2023-01-10 00:29:47,Irina Southwell,23,1302
abf143c,2023-01-10 04:21:21,Richard Vowles,23,1302
87fc8ea,2023-01-10 13:11:51,Irina Southwell,23,1302
23c6e4f,2023-01-16 14:19:12,Richard Vowles,23,1303
76025bd,2023-01-17 12:07:25,Richard Vowles,23,1303
0899930,2023-01-19 13:55:00,Richard Vowles,23,1303
9e9c1d2,2023-01-22 03:47:20,Irina Southwell,23,1303
7a48d14,2023-01-22 03:49:09,Richard Vowles,23,1303
c007749,2023-01-22 23:12:15,Irina Southwell,23,1303
ab07d20,2023-01-23 14:24:00,Irina Southwell,23,1303
429ec8b,2023-01-24 08:09:58,Irina Southwell,23,1303
0ee9406,2023-01-24 13:50:55,Richard Vowles,23,1303
7c8c681,2023-01-29 06:09:09,Richard Vowles,24,1317
17b4871,2023-01-30 08:04:08,Richard Vowles,24,1320
f4bb547,2023-02-01 08:56:43,Richard Vowles,24,1320
da515ca,2023-02-01 09:47:12,Richard Vowles,24,1320
1fcb2ba,2023-02-02 00:38:42,Richard Vowles,24,1320
7fa9903,2023-02-10 13:31:39,Irina Southwell,24,1320
f499a73,2023-02-14 10:56:30,Richard Vowles,24,1320
ba644b4,2023-02-17 00:52:27,Irina Southwell,24,1320
f80bdfc,2023-02-20 10:57:26,Richard Vowles,24,1320
5e39c6d,2023-02-21 10:25:50,Richard Vowles,24,1324
e8c0c31,2023-03-03 12:06:54,Irina Southwell,24,1324
e455ff0,2023-03-08 12:03:27,Irina Southwell,24,1324
1014ee4,2023-03-08 12:25:50,Irina Southwell,24,1324
38148b3,2023-03-08 12:38:56,Irina Southwell,24,1324
658416e,2023-03-08 23:51:23,Richard Vowles,24,1324
e8eb84a,2023-03-12 13:29:52,Irina Southwell,24,1324
6b6991b,2023-03-13 12:22:43,Irina Southwell,24,1324
6fb2080,2023-03-15 06:48:51,dependabot[bot],24,1324
bca260b,2023-03-15 12:15:52,Richard Vowles,24,1324
8a713fe,2023-03-17 13:18:33,Irina Southwell,24,1324
ab3b8f6,2023-03-22 09:55:59,dependabot[bot],24,1324
347da43,2023-03-24 01:03:36,Richard Vowles,24,1324
55bf07d,2023-03-24 10:52:13,Richard Vowles,24,1324
e42695e,2023-03-25 05:06:37,Richard Vowles,24,1324
ee9d9c9,2023-03-29 12:25:50,Richard Vowles,24,1324
ff466ca,2023-03-29 14:21:41,Richard Vowles,24,1324
8e2aee0,2023-03-29 14:34:00,Richard Vowles,24,1324
80ec411,2023-04-01 10:23:18,Richard Vowles,24,1324
e94838a,2023-04-01 10:42:10,Richard Vowles,24,1324
0c6f55f,2023-04-01 10:44:46,Richard Vowles,24,1324
d9d9cb3,2023-04-01 12:04:28,Richard Vowles,24,1324
21bdc8e,2023-04-02 01:26:43,Richard Vowles,24,1324
f6f1f16,2023-04-02 02:04:58,Irina Southwell,24,1324
b22e56e,2023-04-02 03:52:46,Irina Southwell,24,1324
0fdfc77,2023-04-03 12:49:57,Irina Southwell,24,1324
e50bb32,2023-04-03 14:50:19,Richard Vowles,24,1324
387123f,2023-04-04 01:22:06,Vidya Bhargav,24,1324
94ec6d2,2023-04-04 02:37:02,Richard Vowles,24,1324
8dbedc5,2023-04-04 13:27:44,Richard Vowles,24,1324
63d275b,2023-04-04 13:35:44,Richard Vowles,24,1324
69323af,2023-04-05 14:08:28,Alex Deng,24,1324
1e2178f,2023-04-07 01:02:35,Atulpriya Sharma,24,1324
1e2d1d6,2023-04-12 14:47:15,Irina Southwell,24,1324
ca502bc,2023-04-16 08:35:43,Richard Vowles,24,1334
ee47e5c,2023-04-16 14:10:10,Richard Vowles,24,1334
9a24df0,2023-04-18 10:34:26,Richard Vowles,24,1334
10f0ac2,2023-04-18 12:14:38,Richard Vowles,24,1334
d8cced3,2023-04-20 15:01:39,Richard Vowles,24,1334
89b96cc,2023-04-20 15:09:10,Richard Vowles,24,1334
5d8776a,2023-04-30 03:24:38,Vidya Bhargav,24,1334
4a886cc,2023-04-30 05:13:04,Richard Vowles,24,1334
943cffd,2023-04-30 09:34:06,Vidya Bhargav,24,1334
dd9d864,2023-05-02 11:36:21,Irina Southwell,24,1334
fd7cacc,2023-05-04 01:45:46,Richard Vowles,24,1336
02a9c2d,2023-05-04 10:48:09,Richard Vowles,24,1336
634bf6b,2023-05-07 13:37:34,Irina Southwell,24,1336
749f256,2023-05-09 13:44:48,Irina Southwell,24,1336
8e84942,2023-05-16 02:16:28,Irina Southwell,24,1336
574cd1e,2023-05-16 09:36:57,Richard Vowles,24,1336
317e060,2023-05-16 14:23:21,Irina Southwell,24,1336
fdfe72d,2023-05-17 10:40:17,Richard Vowles,24,1336
3d496c9,2023-05-17 10:48:37,Richard Vowles,24,1336
2d59cb8,2023-05-18 12:57:17,Richard Vowles,24,1336
f1f72a7,2023-05-21 10:50:47,Richard Vowles,24,1336
acf7cc4,2023-05-21 11:27:12,Richard Vowles,24,1336
a2df9f3,2023-05-21 15:31:10,Irina Southwell,24,1336
de722d6,2023-05-23 01:34:46,Richard Vowles,24,1336
77a7706,2023-05-24 12:53:49,Irina Southwell,24,1336
3d1fae4,2023-05-28 12:49:18,Richard Vowles,24,1336
1ae285a,2023-05-29 10:28:14,Richard Vowles,24,1336
a3a3cf7,2023-06-05 12:29:23,Irina Southwell,24,1336
f048e8e,2023-06-05 13:42:03,Irina Southwell,24,1336
b60fa8b,2023-06-07 01:54:58,Vidya Bhargav,24,1336
1807f69,2023-06-07 12:01:48,Richard Vowles,24,1336
e894366,2023-06-07 12:36:45,Richard Vowles,24,1336
84baef9,2023-06-18 02:02:40,Vidya Bhargav,24,1336
b5b6bdf,2023-06-21 10:50:56,Richard Vowles,24,1349
52139b9,2023-06-24 13:38:13,Richard Vowles,24,1375
d5f9058,2023-06-25 07:36:24,Richard Vowles,24,1387
87ed8de,2023-06-25 14:41:44,Richard Vowles,24,1387
fccbf24,2023-06-26 09:44:09,Richard Vowles,24,1387
8d36e9a,2023-06-28 15:08:15,Richard Vowles,24,1387
bfcdb61,2023-07-04 12:35:06,Richard Vowles,24,1387
d72547e,2023-07-06 10:53:08,dependabot[bot],24,1387
77284c9,2023-07-13 14:58:23,Richard Vowles,24,1387
1336ac5,2023-07-15 08:53:31,Richard Vowles,24,1387
d26fa23,2023-07-16 09:53:23,Richard Vowles,24,1387
071459e,2023-07-19 01:59:17,Richard Vowles,24,1387
e910fb6,2023-07-19 11:44:16,Richard Vowles,24,1387
4605358,2023-07-27 12:55:13,Chris Spalding,24,1387
556a04f,2023-07-30 10:47:55,Irina Southwell,24,1387
0d51a93,2023-08-15 10:44:08,Irina Southwell,24,1387
2850696,2023-08-16 14:32:57,Richard Vowles,24,1387
8b0b83c,2023-08-28 14:53:40,Richard Vowles,24,1387
d362516,2023-08-28 15:03:51,Richard Vowles,24,1387
c17da9d,2023-08-29 14:10:51,Richard Vowles,24,1396
9446e0b,2023-09-12 10:24:05,Richard Vowles,24,1396
fad1c04,2023-09-12 12:19:26,Richard Vowles,24,1396
fd7785b,2023-09-14 10:50:09,Irina Southwell,24,1396
af6395a,2023-09-15 09:52:54,Richard Vowles,25,1455
6ae462b,2023-09-15 10:10:58,dependabot[bot],25,1455
f3cc15c,2023-09-16 14:59:19,Richard Vowles,25,1455
3ae8076,2023-09-18 12:19:56,Irina Southwell,25,1455
7e21eb3,2023-09-19 13:54:00,Richard Vowles,25,1455
6d211c5,2023-09-20 13:06:21,Richard Vowles,25,1455
877afbf,2023-09-24 05:53:11,Irina Southwell,25,1455
3fb3402,2023-09-24 12:49:27,Irina Southwell,25,1455
03845a0,2023-09-24 12:56:35,Richard Vowles,25,1460
04e2a95,2023-09-24 13:34:48,Richard Vowles,25,1460
48ce8a8,2023-09-25 12:25:39,Richard Vowles,25,1460
841999d,2023-09-27 13:52:32,Richard Vowles,25,1460
f2ddc10,2023-09-30 14:15:07,Irina Southwell,25,1460
e2fd9df,2023-10-09 23:03:05,Irina Southwell,25,1460
20061c8,2023-10-16 11:51:30,Richard Vowles,25,1460
a41b5a3,2023-10-24 02:14:42,Irina Southwell,25,1460
26066b7,2023-10-24 13:04:33,Richard Vowles,25,1460
a71c62b,2023-10-25 13:43:51,Richard Vowles,25,1460
6a5a984,2023-10-28 01:26:43,Richard Vowles,25,1460
400bd26,2023-10-28 01:51:30,Richard Vowles,25,1460
f81663c,2023-10-28 03:56:04,Irina Southwell,25,1460
25b5b18,2023-10-28 13:44:08,Irina Southwell,25,1460
d5ff5ff,2023-10-29 00:53:31,Irina Southwell,25,1460
194a3c7,2023-10-29 01:24:24,Richard Vowles,25,1460
1292d0a,2023-11-09 14:03:03,Irina Southwell,25,1460
b7c1c33,2023-11-09 14:03:44,Richard Vowles,25,1460
7778428,2023-11-18 04:54:04,Richard Vowles,25,1460
82418ee,2023-11-18 08:15:52,Richard Vowles,25,1460
eb6c090,2023-11-18 11:18:02,Irina Southwell,25,1460
1120543,2023-11-19 02:44:28,Irina Southwell,25,1460
2b95e49,2023-11-19 03:14:08,Richard Vowles,25,1460
dbf73e4,2023-11-19 03:32:26,Richard Vowles,25,1460
3b66d77,2023-11-21 13:07:56,Richard Vowles,25,1460
d2a961a,2023-11-21 13:09:04,Richard Vowles,25,1460
64be541,2023-11-30 04:42:12,Irina Southwell,25,1460
650ea86,2023-12-11 13:19:23,Richard Vowles,25,1460
cb83801,2023-12-11 13:46:43,Richard Vowles,25,1460
16ae516,2023-12-11 13:47:04,dependabot[bot],25,1460
cd6bd49,2023-12-11 13:48:17,dependabot[bot],25,1460
78cf61e,2023-12-11 14:08:53,Irina Southwell,25,1460
1022f9f,2023-12-15 10:46:46,Richard Vowles,25,1460
6ca761a,2023-12-23 12:24:15,Richard Vowles,25,1460
ead4021,2023-12-24 04:08:53,Richard Vowles,25,1460
e6ee770,2024-01-02 10:07:47,Richard Vowles,26,1478
e112834,2024-01-06 08:42:45,Irina Southwell,26,1478
3c114d6,2024-01-11 08:30:03,Irina Southwell,26,1478
ef3f671,2024-01-15 10:28:16,Richard Vowles,26,1478
16285a8,2024-01-15 10:35:48,Richard Vowles,26,1478
4b9ff0d,2024-01-16 12:33:06,Irina Southwell,26,1478
16b0156,2024-01-16 13:33:33,Richard Vowles,26,1478
8163423,2024-01-20 05:33:24,Irina Southwell,26,1478
d92cf07,2024-01-26 00:13:12,Richard Vowles,26,1478
738b530,2024-01-26 08:20:20,Richard Vowles,26,1478
673b205,2024-01-26 12:37:08,Richard Vowles,26,1478
57502ce,2024-01-29 06:03:52,Irina Southwell,26,1478
fb6a55b,2024-01-29 06:25:47,Richard Vowles,26,1478
764f8a7,2024-02-03 06:59:59,Richard Vowles,26,1501
f3d11b9,2024-02-05 13:54:56,Richard Vowles,26,1501
951c6d0,2024-02-09 08:46:54,Irina Southwell,26,1501
e87eeb1,2024-02-09 09:03:39,Irina Southwell,26,1501
af2320b,2024-02-11 08:00:12,Richard Vowles,26,1501
c4da5f4,2024-02-12 08:13:57,Irina Southwell,26,1501
8949281,2024-02-19 02:00:57,Irina Southwell,26,1501
e93000b,2024-02-19 02:02:27,Irina Southwell,26,1501
157b5be,2024-02-20 05:27:48,Irina Southwell,26,1501
39c3eb0,2024-02-21 08:36:00,Irina Southwell,26,1501
532f7a0,2024-03-22 12:20:02,dependabot[bot],26,1501
c3e9855,2024-03-29 13:50:40,Irina Southwell,26,1501
27bd997,2024-04-06 09:20:14,Irina Southwell,26,1501
6c94c42,2024-04-10 09:51:35,Irina Southwell,26,1501
eef07f2,2024-04-14 11:15:15,Irina Southwell,26,1501
301dd33,2024-04-17 14:43:43,Irina Southwell,26,1501
1ef871c,2024-04-18 12:32:09,Richard Vowles,26,1508
35c9316,2024-05-19 11:17:50,Richard Vowles,26,1508
ada7df9,2024-06-04 10:45:46,Irina Southwell,26,1508
8848b0a,2024-06-05 05:28:26,Irina Southwell,26,1508
487fc80,2024-06-09 05:30:45,Irina Southwell,26,1508
0a73ca4,2024-06-25 12:41:26,Irina Southwell,26,1508
fe3927b,2024-06-30 13:05:44,Irina Southwell,26,1508
3970d5b,2024-07-07 09:58:36,Richard Vowles,26,1508
433ccad,2024-07-08 12:34:34,Richard Vowles,26,1508
80aface,2024-07-09 13:14:00,Irina Southwell,26,1508
fe872ef,2024-07-10 03:08:52,Irina Southwell,26,1508
267975c,2024-07-11 13:40:58,Irina Southwell,26,1508
1f071a4,2024-07-13 02:51:04,Richard Vowles,26,1508
c242d23,2024-07-13 06:06:29,Richard Vowles,26,1508
1df2227,2024-07-14 02:50:31,Richard Vowles,26,1508
dc5833f,2024-07-14 04:36:53,Irina Southwell,26,1508
6ea6df3,2024-07-17 09:40:21,Richard Vowles,26,1508
c02bc99,2024-07-17 09:45:31,Richard Vowles,26,1508
9a5b28d,2024-07-18 10:50:40,Richard Vowles,26,1508
674f5e2,2024-07-20 09:25:19,Richard Vowles,26,1508
a125472,2024-07-22 08:09:45,Irina Southwell,26,1508
ce8f609,2024-07-28 04:29:16,Irina Southwell,26,1508
6edd20d,2024-08-03 07:05:38,Richard Vowles,26,1508
434bdf4,2024-08-03 11:39:01,Irina Southwell,26,1508
8a15f37,2024-08-04 13:42:44,Richard Vowles,26,1508
259825b,2024-08-20 06:24:01,Richard Vowles,26,1508
c83b760,2024-08-20 06:34:38,Richard Vowles,26,1508
f39b0c8,2024-08-21 14:18:58,Irina Southwell,26,1508
53fdd89,2024-08-21 14:20:18,Richard Vowles,26,1508
d6f41bb,2024-08-25 12:58:26,Richard Vowles,26,1508
8a15326,2024-08-25 13:22:43,Richard Vowles,26,1508
1e168fe,2024-09-05 07:02:58,Irina Southwell,26,1508
dfa7a5f,2024-09-05 09:08:46,Irina Southwell,26,1508
f4039d4,2024-09-05 09:11:17,Irina Southwell,26,1508
6608e52,2024-09-05 10:16:04,Irina Southwell,26,1508
b5a31b9,2024-10-03 11:54:12,Richard Vowles,26,1508
c0033c6,2025-01-13 12:25:03,Richard Vowles,26,1508
888635b,2025-01-13 12:25:22,Irina Southwell,26,1508
40c49f2,2025-01-21 10:16:58,Richard Vowles,26,1508
ac9f763,2025-01-21 11:01:34,Richard Vowles,26,1508
1417626,2025-01-22 14:18:26,Richard Vowles,26,1508
2fb5039,2025-01-25 04:05:34,Richard Vowles,26,1508
290eefa,2025-01-26 13:19:10,Irina Southwell,26,1508
75d2788,2025-01-29 06:30:06,Irina Southwell,26,1508
ef95dd5,2025-01-29 08:20:29,Irina Southwell,26,1508
22efb4c,2025-02-07 11:58:50,Richard Vowles,26,1508
3965dc7,2025-03-13 07:55:20,Irina Southwell,27,1537
31a1e20,2025-03-14 06:17:25,Irina Southwell,27,1537
7726d51,2025-03-19 12:01:14,Irina Southwell,27,1537
656e944,2025-03-19 13:02:59,Irina Southwell,27,1537
82ef850,2025-03-23 02:24:54,Irina Southwell,27,1537
baef015,2025-03-27 08:13:25,Richard Vowles,27,1537
1205197,2025-03-30 13:53:37,Irina Southwell,27,1537
2862039,2025-03-31 03:40:56,Irina Southwell,27,1537
422e421,2025-04-06 08:32:23,Irina Southwell,27,1537
32cbe88,2025-04-06 12:32:08,Richard Vowles,27,1537
744035b,2025-04-15 12:55:41,Richard Vowles,27,1537
0a17899,2025-04-16 13:15:57,Richard Vowles,27,1537
8cebc24,2025-04-16 13:36:18,Alex Deng,27,1537
0b81845,2025-04-18 13:49:48,Irina Southwell,27,1537
fbc1682,2025-04-24 01:41:52,Richard Vowles,27,1537
adb45af,2025-07-20 12:44:20,Richard Vowles,27,1539
885b611,2025-07-20 13:46:42,Irina Southwell,27,1539
63c8313,2025-07-20 14:02:23,Irina Southwell,27,1539
70106b3,2025-07-22 14:24:19,Richard Vowles,27,1539
3ad77df,2025-07-22 14:30:28,Richard Vowles,27,1539
84ad5f8,2025-08-08 14:24:42,Richard Vowles,27,1539
bf8d394,2025-09-05 14:06:25,Richard Vowles,27,1539
485b6a0,2025-12-30 09:10:48,Richard Vowles,27,1539
21189c1,2026-01-03 10:03:59,Richard Vowles,27,1539
77fa33e,2026-01-04 10:29:13,Richard Vowles,27,1540
a3db06c,2026-01-04 10:59:44,Richard Vowles,27,1540
742844e,2026-01-04 11:08:15,Richard Vowles,27,1540
1152b0a,2026-01-04 11:28:57,Richard Vowles,27,1540
8880c34,2026-01-10 03:06:11,Richard Vowles,27,1540
1832c92,2026-02-08 05:37:05,Irina Southwell,27,1540
99f16d3,2026-02-08 09:20:59,Richard Vowles,27,1540
547b19f,2026-02-09 03:47:55,Richard Vowles,27,1540
269ea59,2026-02-14 01:11:11,Richard Vowles,27,1540
5df0b02,2026-02-20 08:58:13,Nils T,27,1540
cdfbc06,2026-02-20 12:11:06,Richard Vowles,27,1540
107be28,2026-02-20 12:29:34,Richard Vowles,27,1540
35d3710,2026-02-20 12:37:54,Richard Vowles,27,1540
e295595,2026-03-08 09:43:04,Richard Vowles,27,1540
3bfba98,2026-03-08 13:07:24,Richard Vowles,27,1540
f6064bf,2026-03-08 17:25:29,Richard Vowles,27,1555
ec1082f,2026-03-09 12:35:29,Richard Vowles,27,1555
873ebd5,2026-03-09 12:48:58,Richard Vowles,27,1555
9e4bfd3,2026-03-09 12:58:09,Richard Vowles,27,1555
6280d8f,2026-03-13 00:18:20,Alex Deng,27,1555
5ad6673,2026-03-13 10:43:32,Richard Vowles,27,1555
5a1cbdf,2026-03-14 01:58:49,Richard Vowles,27,1555
c9fbc71,2026-03-14 02:00:54,dependabot[bot],27,1555
5224d92,2026-03-14 02:01:34,dependabot[bot],27,1555
3a1e6b4,2026-03-14 12:44:40,Richard Vowles,27,1555
fb7d4b6,2026-03-15 07:46:54,Richard Vowles,27,1555
944544f,2026-03-15 09:48:07,Richard Vowles,27,1555
2a766d9,2026-03-27 09:39:50,Richard Vowles,27,1555
5866593,2026-04-04 08:15:27,Richard Vowles,27,1555
2bc26de,2026-04-04 11:16:12,Richard Vowles,27,1555
8277fcf,2026-04-05 02:57:27,Richard Vowles,27,1555
7932b45,2026-04-06 01:49:24,Richard Vowles,27,1555
766b19d,2026-04-06 03:39:46,Richard Vowles,28,1572
3142c5c,2026-04-06 12:41:56,Richard Vowles,28,1572
8111092,2026-04-08 09:46:12,dependabot[bot],28,1572
eb55f62,2026-04-09 13:59:23,Irina Southwell,28,1572
1e07bdd,2026-04-10 14:36:03,Richard Vowles,28,1572
